Vh (volts),Ih (volts),Vs (volts),Ttop (Celsius),Tbottom (Celsius),DeltaT,unc Vh (volts),unc Ih (amperes),unc Vs (volts),unc Ttop (Celsius),unc Tbottom (Celsius),unc DeltaT,Qh-power (watts),unc Qh-power (watts)
25.42,0.134,0.254,24.7,8.4,16.3,0.01,0.001,0.001,0.3,0.5,0.583095189,3.40628,0.025455294
19.77,0.107,0.169,19.3,8.4,10.9,0.01,0.001,0.001,0.5,0.5,0.707106781,2.11539,0.019798934
14.56,0.081,0.102,13.7,8.1,5.6,0.01,0.001,0.001,0.5,0.5,0.707106781,1.17936,0.014582514
10.06,0.058,0.06,10.1,7.5,2.6,0.01,0.001,0.001,0.5,0.5,0.707106781,0.58348,0.010076706
5.04,0.033,0.032,7.9,7.5,0.4,0.01,0.001,0.001,0.5,0.5,0.707106781,0.16632,0.005050792
-0.01,0.008,0.023,7,7.5,-0.5,0.01,0.001,0.001,0.5,0.5,0.707106781,-0.00008,-8.06226E-05
